time,xyz,energy,ediff
1618606586.601363,"14

C       1.058250420870746     -0.020561127079959      0.102941229879334
C       0.489341380666384     -1.261862397471452      0.833973623592071
H       0.918201882145359     -2.151808196349451      0.350360999366263
C       0.907596761010259     -1.302740691906682      2.307980269704973
O       0.134266487012898     -1.187536769767500      3.218599381402241
O       2.217218432245769     -1.533947068015043      2.549339959715579
N      -0.949417462731399     -1.361385332067917      0.776195813147401
S       2.858938421781834      0.059880769002163     -0.115256825792768
H       0.700249770339680      0.896570847606432      0.582558188750843
H       0.664734249901545     -0.024671553214575     -0.919225471263561
H       2.687245747981346     -1.718939749340518      1.720424779286526
H      -1.287667432691791     -1.298014129227456     -0.177256666144698
H      -1.383844232402553     -0.644022474064084      1.345662879656005
H       3.192064630384438      0.331014662790941      1.155249610316449
",-19641.61783372924,0.0
1618606596.000813,"14

C       1.040678961854869     -0.043599830124308      0.105457253930883
C       0.502347460157427     -1.313367242105482      0.786770746064346
H       1.176181037225946     -2.154435554886276      0.583417664025386
C       0.359566626778403     -1.073202214816627      2.295210024438554
O      -0.254596009213508     -0.131138331636843      2.721409373157181
O       1.004045357584651     -1.908283812854819      3.135543386724332
N      -0.846141788701706     -1.678299777180131      0.342006223229082
S       2.855506479975418      0.019471707625593     -0.016944054247723
H       0.658917477587484      0.835333311745571      0.629694121622802
H       0.678870698582572     -0.003180932553641     -0.928153943518969
H       1.241509634542014     -2.735493865541404      2.693280721029777
H      -0.930651045096890     -1.536522467030445     -0.661358088521822
H      -1.499761666001225     -1.025488005980117      0.769780660794023
H       3.113484382048982     -0.688018912699086      1.092901511012212
",-19641.383200787797,0.23463294144312385
1618606602.164556,"14

C       1.077032546014212     -0.015328780453607      0.079558032917385
C       0.501843966608072     -1.255309776613817      0.833488096241315
H       0.208645403591295     -1.999079669940324      0.079203636534587
C       1.534016436507238     -1.970596573162504      1.726839667731851
O       1.517657548347816     -1.900998856440740      2.924427944605138
O       2.465201673669340     -2.718437200821549      1.097479140750478
N      -0.672254363051199     -0.954484150621786      1.605657271680621
S       2.874607790315251      0.090696712146398     -0.175313297684123
H       0.770124055721591      0.883164948675988      0.623145057752902
H       0.603530703054214      0.042499225302427     -0.902640948936556
H       2.422894163630777     -2.579664191252631      0.140073186738156
H      -1.538362033355970     -1.036962922677626      1.094604215718953
H      -0.611072570985346     -0.104832710176533      2.146904715800598
H       3.135768770236683      0.961776059312956      0.809053590318743
",-19641.309551606533,0.30828212270716904
1618606610.228591,"14

C       1.076438497096017     -0.053320020014411      0.103561847654770
C       0.473976898333678     -1.271465148091297      0.849001587364166
H       0.588440974104556     -2.144156835172240      0.190657377510407
C       1.198737283445710     -1.619619086440126      2.154236527890158
O       0.757291542963300     -1.357991451462099      3.236148978838064
O       2.450003069597233     -2.155660173611836      2.026554027989857
N      -0.932154635897049     -1.123207879645145      1.134315623733751
S       2.871298799791775      0.050527003786360     -0.162317236269706
H       0.746925414895319      0.854450514017293      0.625772566505734
H       0.635972858964155     -0.016134293617721     -0.897606623808774
H       2.456437767929351     -2.869548134995459      1.373138731444545
H      -1.501327759800819     -1.195470168034468      0.300322111587552
H      -1.131093650671886     -0.263941158736297      1.632429193746277
H       3.273910678868506     -0.374004612243677      1.040768519165671
",-19641.265638189958,0.35219553928254754
1618606615.837039,"14

C       1.039219350718661      0.010516225181164      0.074117052621687
C       0.504332194952884     -1.199800248883413      0.869299415907828
H       0.908624163492032     -2.112088315139597      0.407800746647764
C       0.959106144806771     -1.309728524574938      2.343334220231006
O       0.263476099981985     -1.820731235428177      3.177006108660791
O       2.249260151395148     -1.040652001306303      2.614345925110296
N      -0.935813304297640     -1.292012109590749      0.808086119871732
S       2.844308471222998      0.133560375783380     -0.189180271978496
H       0.692187360045186      0.933675910745451      0.547348630080597
H       0.587778104097673     -0.033962674961895     -0.920878519039342
H       2.669603041426143     -0.537925907721274      1.894111659043490
H      -1.255785131882055     -1.772024516714108     -0.021422788323108
H      -1.394565990734941     -0.395143764077250      0.904063300688889
H       3.029848611987625      1.288017575751436      0.469639083673811
",-19641.368853036525,0.24898069271512213
1618606629.878639,"14

C       0.962413009163793     -0.023339758329757      0.097197475240113
C       0.475435339260682     -1.284882739207974      0.825184421686523
H       1.167083450632580     -1.484387296473061      1.654706706313827
C      -0.852158110924922     -0.927436291220526      1.521757888751326
O      -0.952878601707720      0.058168404887059      2.198354543199774
O      -1.940370821560852     -1.725836743362998      1.271366953429910
N       0.477777206930853     -2.419309320647618     -0.076946926097282
S       2.775723802101054     -0.054317948624687     -0.111436194441637
H       0.689525424173756      0.857392970589731      0.681145879731533
H       0.473072247072230      0.043156242926298     -0.880767320859492
H      -1.819662972284576     -2.599025322255244      1.667271731557902
H       0.152108772112907     -2.158537736275118     -1.000022594904679
H      -0.071256920041180     -3.198268326708833      0.260457216168318
H       2.836011178397372      0.886402092674754     -1.065331490483899
",-19641.072696830586,0.5451368986541638
1618606641.060334,"14

C       1.052067029951427     -0.014514975205668      0.106996561326715
C       0.542702988367695     -1.308388045198072      0.813258679547104
H       1.392462513912488     -1.893421296517636      1.180301363428885
C      -0.316536840887011     -0.876951329515015      2.010359367248126
O      -1.472564916802442     -0.577198585863843      1.901943036127965
O       0.284076980465292     -0.922683063197711      3.227136674140874
N      -0.272194597591914     -2.176864778785959     -0.007897845830166
S       2.853133315550457      0.109452527325828     -0.071241791221403
H       0.671252603727089      0.888452265550157      0.593522891131036
H       0.663866618771660      0.004082699923636     -0.917119749042621
H       1.220252464490300     -0.691516858492693      3.144308271351484
H       0.284738727484075     -2.742553618621887     -0.635720397837293
H      -0.979924049549179     -1.658963839710991     -0.514543146858178
H       3.138691676569934      0.308128881104382      1.226226926428475
",-19641.25976742969,0.3580662995518651
1618606655.848198,"14

C       1.011158402123928     -0.022963815283324      0.106813556929374
C       0.549331198568715     -1.236506892523700      0.929279232576012
H       1.017574736822398     -2.129991317606997      0.505404597046844
C       1.001007948225052     -1.210166146963681      2.395733901996604
O       2.143127297446408     -1.050693550720057      2.734128082356980
O       0.065834941608509     -1.593154778880338      3.287808929236820
N      -0.915161240172686     -1.407811874015281      0.826786387734608
S       2.809908497517302      0.074909073258849     -0.157137821511550
H       0.654847964630115      0.908191573516685      0.560433563075315
H       0.552088646246116     -0.101321327523857     -0.884885347889494
H      -0.720847092261160     -1.897994131992383      2.803357677356674
H      -1.213665284311973     -1.022610251313705     -0.069407097828220
H      -1.344109175653568     -0.720245103615796      1.451690699517907
H       3.012216733656124      1.202883090366237      0.534671309209894
",-19641.41834080658,0.1994929226602835
1618606671.632906,"14

C       0.994711078944275     -0.001617596544109      0.057664309997747
C       0.573137589923327     -1.256588735126538      0.829829621668641
H       1.056668020724356     -2.133216318676128      0.383336597667345
C       0.984118129638062     -1.106827672688335      2.296726868030030
O       0.573676887303268     -0.189357620640409      2.958411004182791
O       1.826090271822757     -2.015678096831712      2.819276635197682
N      -0.880103554764138     -1.460461171645674      0.798564889374195
S       2.810439052504634      0.045896733457343     -0.086854919461306
H       0.631609688002554      0.880413682487136      0.594122412397550
H       0.547805081130332     -0.029475713669095     -0.940857075322171
H       2.141312566933738     -2.623157677294558      2.134507951892501
H      -1.278089960437352     -0.973362460654198      0.000673330399378
H      -1.281676911066470     -0.997928468089719      1.612283508716217
H       2.865278501831336      1.164005191181790     -0.823927013532492
",-19641.44169713477,0.1761365944694262
1618606688.467527,"14

C       1.030416895976879      0.004988828935709      0.050591885156729
C       0.608535328893101     -1.206295207751843      0.883647261445667
H       1.116887956657407     -2.082150208781716      0.452408041825865
C       1.082841166081450     -1.134556432554501      2.338085603836275
O       1.729752240922441     -0.239689198608814      2.809814462039609
O       0.566238339873129     -2.106903395254319      3.114442701883267
N      -0.817103902092391     -1.533448372481425      0.886983412204297
S       2.811752396271325      0.124615364306773     -0.262029500909241
H       0.763537834528056      0.925470636440402      0.577274761072804
H       0.487745230118135      0.002402646220664     -0.901409525651335
H       0.075987320175939     -2.725124467350148      2.546399193602174
H      -1.212052396340650     -1.378911983048539     -0.036811593622116
H      -1.313181938605147     -0.883814632900388      1.495474849926946
H       2.915041385471111     -0.995506293485342     -0.994944535943923
",-19641.62342268004,-0.005588950800301973
1618606702.776666,"14

C       1.037272656540990     -0.035288964354828      0.047354139060505
C       0.615557352288879     -1.252717925466442      0.886170059141181
H       1.006409690866203     -2.143903480931038      0.369016630558773
C       1.300086333329172     -1.292386804484358      2.274871866756599
O       2.363475013048555     -0.791040981024495      2.530166810755242
O       0.517115794061621     -1.768257269879345      3.255591552354545
N      -0.831426335171528     -1.384088797797930      1.013001170417973
S       2.803710574919778      0.179387553524625     -0.297635112226642
H       0.728134706659396      0.873498129290314      0.577510792467372
H       0.485078583419011     -0.051863581692431     -0.897480543380649
H      -0.234643362896115     -2.231157436898728      2.849141329135870
H      -1.169766713744889     -2.275523780484851      0.673336719474351
H      -1.345782981238658     -0.636734537042296      0.563694951258177
H       2.872380278222228     -0.673894641897518     -1.331573070184128
",-19641.461624105294,0.15620962394677917
1618606719.063115,"14

C       1.022690496130269     -0.028021978696626      0.019686816545432
C       0.637759417903051     -1.245636818801082      0.871036873507643
H       0.907898841095519     -2.152800764349076      0.319814732393309
C       1.429203934149911     -1.347524598831170      2.173413212905219
O       2.047493999761661     -2.325223903320905      2.488803913896198
O       1.467255840373592     -0.227289616706013      2.943242172171614
N      -0.793739888136391     -1.328359950393074      1.159917291655856
S       2.798772105536667      0.145464261531278     -0.302941347419293
H       0.729911453028767      0.894804984720779      0.532284143205942
H       0.468988882669701     -0.056090595470215     -0.924640152549140
H       0.675908515368229      0.313992578790662      2.813365096744191
H      -1.320153996835621     -1.073792767937407      0.328837845482012
H      -1.058753466115997     -0.651945859276429      1.870929134588758
H       2.933459268616929     -0.960002994434484     -1.052105273576181
",-19641.32412257523,0.29371115400863346
1618606735.771002,"14

C       1.030899074330873     -0.025652912871781      0.021282810821587
C       0.663271453074850     -1.259476734635386      0.852560102800657
H       1.162420693804976     -2.128861114577910      0.394720284318545
C       1.190439890130777     -1.151629307518359      2.284810394270246
O       1.749644520053697     -0.190335620612518      2.730965148829594
O       0.764610622463153     -2.154914027133249      3.108895583384510
N      -0.764588077489652     -1.568601869038340      0.892259440380946
S       2.803661463912460      0.172014051430893     -0.304937246764042
H       0.726819611331927      0.880427949093261      0.553107340758400
H       0.483865795946856     -0.047881964535177     -0.928498138152627
H       1.033357020323548     -3.018229236576964      2.767711109441529
H      -1.215240719541834     -1.255202275205247      0.037782509324387
H      -1.215225679285187     -1.069852504327227      1.653261774198221
H       2.958544891427187     -0.962375771480408     -1.006337448602924
",-19641.18553841024,0.4322953190021508
1618606758.287187,"14

C       1.033477460690234     -0.020097851276661      0.021898272459063
C       0.685441478705968     -1.304891971349666      0.797699056257668
H       0.625399382449028     -1.062735143646189      1.866622729678625
C      -0.719109907542992     -1.802176072123486      0.416054544840519
O      -1.536945773259440     -1.134608825148303     -0.161331068915108
O      -0.975018115428362     -3.031998864459165      0.882209981431761
N       1.587952701187795     -2.451129340869245      0.685604755884768
S       2.808563244811473      0.246525941760743     -0.287120396093519
H       0.670888508933996      0.842510385720767      0.585636577781795
H       0.506153968810680     -0.007007112857240     -0.932965279740722
H      -0.097426620068978     -3.451573910609771      1.008730752892650
H       2.495579289902530     -2.208581205397584      1.073860141579907
H       1.769894048089803     -2.634186698329395     -0.301550170921205
H       2.850243102384173     -0.284177235170845     -1.518112013610311
",-19641.826942842472,-0.20910911323153414
1618606777.412294,"14

C       1.028920292256846     -0.013769955462222     -0.031739527857046
C       0.662129400009120     -1.282264683586091      0.764880338739314
H       1.398359160478492     -1.360823169878538      1.581110149358457
C      -0.694342496475444     -1.152244035329216      1.470031237497589
O      -1.519846068088387     -2.020288040994635      1.491630271364428
O      -0.917147841977359      0.014146796789450      2.128049516248848
N       0.711395485699585     -2.520975903954025      0.026148740824454
S       2.819901953317439      0.151812374470971     -0.301935501853383
H       0.725909381978576      0.890471488425977      0.498458140081642
H       0.504455357441869      0.001821941395591     -0.992664724837740
H      -0.086115624113954      0.476196838143209      2.309542421438296
H       1.628108206369058     -2.652956109149278     -0.388345679339296
H       0.009387050948477     -2.544766727165874     -0.705642573574390
H       2.887835112959642     -0.560231292615036     -1.436452513810072
",-19641.419692072843,0.19814165639763814
1618606799.937011,"14

C       1.017287809029528      0.009254353969096     -0.042654376221949
C       0.671647298044903     -1.252237011905184      0.764596259825538
H      -0.249318919456826     -1.009355253418205      1.317511672190103
C       0.217711308542066     -2.400619087619853     -0.169202076316606
O       0.090958969636015     -2.301816725130879     -1.361979985461386
O       0.100188938527112     -3.572746033086301      0.467253975961038
N       1.598410886261650     -1.785950258640942      1.740326244320413
S       2.813638649716877      0.129642221341570     -0.344880956334119
H       0.686062831643766      0.898342867049986      0.498003316260860
H       0.488328393905592     -0.059308359477389     -0.993737731724279
H       0.407848985965405     -3.417143488571366      1.382903015315340
H       1.572230440226857     -1.286458683961268      2.620337142141278
H       2.551774039711099     -1.831263687047419      1.399147937553166
H       2.765301676175865      1.151031361654259     -1.212993368857212
",-19641.736440035816,-0.11860630657611182
1618606818.855763,"14

C       1.027315620391671     -0.052691589011698     -0.027106256091390
C       0.664936800278042     -1.287493827590439      0.820593355994884
H       0.686852284357813     -0.997098352730158      1.878785360755653
C      -0.772757366011457     -1.725843776343768      0.474062904361347
O      -1.418524044159484     -1.280791017151294     -0.434798864336963
O      -1.297663508197138     -2.678072548057150      1.278622895295481
N       1.602236391099306     -2.385767940423129      0.654543041950588
S       2.799876826047861      0.216221418238276     -0.346916849661108
H       0.639449360523724      0.842981104141968      0.466288311816044
H       0.518075807169024     -0.120537345350147     -0.987498218652684
H      -0.612623454757124     -3.017468236726916      1.870920551401580
H       1.437083079198149     -2.909654502200050     -0.197100896216491
H       1.633643135678204     -3.014186193207802      1.445436994287490
H       2.814934678549551     -0.256692123033351     -1.600841914724438
",-19641.35112134149,0.2667123877508857
1618606839.038009,"14

C       0.977027136679634     -0.006482587630787     -0.050100789589282
C       0.656783047477552     -1.237878652410822      0.793821478593212
H       1.136552227236133     -1.103020919425938      1.775011190480684
C      -0.853261054949135     -1.295308693152368      1.088589084678023
O      -1.629086619636118     -0.417567989727773      0.810905529771241
O      -1.248608632829200     -2.475185491347712      1.583593775925243
N       1.070485769845877     -2.541581006795719      0.299691820719214
S       2.774154759984806      0.112634634267764     -0.328323880635217
H       0.611577107236004      0.879247778806721      0.471024167981885
H       0.455846703468050     -0.077952535894696     -1.009622570564287
H      -0.463582914662424     -3.058570509894224      1.554560422129242
H       2.059980104087934     -2.697314699828141      0.451440527951253
H       0.886563207271092     -2.630835181367297     -0.695745378585854
H       2.728270186089511      1.051551169743758     -1.283689297693209
",-19641.875513008457,-0.25767927921697265
1618606856.346314,"14

C       0.997251317055736     -0.017380620046453     -0.047644654765653
C       0.668312588113169     -1.261459307321911      0.802421523619000
H       0.577596704119009     -0.940988945899918      1.850164964353882
C      -0.734276248327010     -1.782226753032820      0.416996888688971
O      -1.572071001571675     -1.098319626082934     -0.113533773085554
O      -0.904300738665485     -3.085839985202164      0.651419300254976
N       1.586721445184540     -2.391224832301731      0.795363756022847
S       2.783371075475563      0.183181070612089     -0.374450486247751
H       0.614005863418227      0.871034368117790      0.457967409099936
H       0.481120169090566     -0.088615467838176     -1.005638773022488
H      -0.064300538504379     -3.395962071433793      1.052830557965145
H       2.402849357155134     -2.195023789885367      1.363133235343143
H       1.924738155236717     -2.556234598102837     -0.150347903763000
H       2.679412169451170      0.550608635211126     -1.658642094932540
",-19641.83853392947,-0.22070020022874814
1618606877.87376,"14

C       0.989879377467896     -0.025734149762092     -0.069028898062244
C       0.688247364587095     -1.240424651005003      0.812140084469354
H       1.500704023442172     -1.966572760187739      0.699587586748675
C       0.654946083573135     -0.859519518282765      2.301467578674231
O       0.844690747753863      0.245973837618505      2.732214917901559
O       0.338047126426337     -1.904874958255488      3.082263293011293
N      -0.561164610750441     -1.957315895779850      0.557782320344804
S       2.776861446482486      0.192482346896805     -0.363044968270024
H       0.607068176559606      0.880070771833516      0.404785161671505
H       0.492138103878768     -0.141230404457215     -1.035766464080994
H      -0.165310489515380     -2.512309656743147      2.501749207907009
H      -0.497611412812619     -2.532895920083849     -0.274365379012926
H      -1.330075140252441     -1.304286513231623      0.431483602953182
H       2.746341545163598      0.088486871268932     -1.697844470587786
",-19641.669496906197,-0.051663176956935786
1618606897.432079,"14

C       1.010015380570673     -0.038535490592646     -0.067029422135002
C       0.722912290988430     -1.265567755992074      0.823691250396798
H       0.637229960986948     -0.919304078784730      1.862005400547372
C      -0.671383342300813     -1.838617046206803      0.462364084014760
O      -1.482457511991544     -1.262832180291279     -0.216326233536600
O      -0.878522691326453     -3.064383217952938      0.952440379295679
N       1.650780223163705     -2.389820512488265      0.849346477029593
S       2.745385386556844      0.322655219383387     -0.477083393915057
H       0.619331802182065      0.855731265275415      0.425189411790097
H       0.447322989510426     -0.146755118320225     -0.996687028408259
H      -0.004620058461224     -3.361770989396833      1.284949857609576
H       2.420050162977240     -2.252558143259778      1.492133707943121
H       2.001259708350287     -2.647880098660812     -0.067322803366482
H       3.124769230798224     -0.928460043215472     -0.766437122009821
",-19641.76172158898,-0.14388785974006169
1618606917.208627,"14

C       1.011494151532833     -0.070200918415401     -0.054066327098322
C       0.708167689745051     -1.283987722837442      0.842220859799784
H       0.759128404568597     -0.965806335681521      1.894726903992078
C      -0.743738224373100     -1.730047681520631      0.613709913000607
O      -1.528983498243731     -1.166583452399573     -0.097849916231444
O      -1.138078148802558     -2.790797063771485      1.359237153666943
N       1.654523722889613     -2.391023671953827      0.670610286466137
S       2.757867172482177      0.247517259827499     -0.429088675076469
H       0.542510736623944      0.826794693707030      0.356113639369986
H       0.552508930401035     -0.242016038898005     -1.030890317689618
H      -0.400828741726650     -3.128657545599406      1.888891604096478
H       2.103392950524679     -2.313910176961777     -0.237612150766567
H       1.183699893936058     -3.289208069848371      0.663410275885123
H       3.147012994361061      0.576808949814721      0.812592884080668
",-19641.377692122285,0.24014160695514875
1618606937.258012,"14

C       0.959679669590303     -0.039948377423627     -0.086924075484439
C       0.706380660885872     -1.239830710335311      0.837753812273449
H       0.816626804148957     -0.897806632780227      1.875929492177465
C      -0.759449137899329     -1.694265579347363      0.698403277023336
O      -1.648688567077164     -0.955110331552423      0.360757651086143
O      -0.945505710104055     -2.995180411327130      0.938104415170373
N       1.563483169186932     -2.408870765033320      0.690938454079529
S       2.744591250443711      0.172943410718284     -0.394067742352069
H       0.539773439330037      0.853259552473609      0.378514935070590
H       0.448632001295485     -0.194337611456678     -1.040583809455319
H      -0.064998000208755     -3.348638525296133      1.189462451745331
H       2.493440736131232     -2.227203236627675      1.051534669052431
H       1.675760240978388     -2.641977953677525     -0.294052938308426
H       2.670942447434158      1.408771429700096     -0.907605154962504
",-19641.9014502248,-0.2836164955588174
1618606960.068171,"14

C       0.981621145335870     -0.062392380868298     -0.057781441374865
C       0.706240035051861     -1.246224208221502      0.879793334790657
H       0.892403109088871     -0.953279940792497      1.921188756137474
C      -0.772564345448206     -1.615888039186222      0.769195593660912
O      -1.560630666981266     -1.095292458997048      0.017471682514833
O      -1.111718950508129     -2.622643165063284      1.593267904243717
N       1.480897717864228     -2.444173831667782      0.604127877613688
S       2.756176413860370      0.218875726849467     -0.370609853206544
H       0.524114023478336      0.849296174042333      0.329701943463308
H       0.519006660569447     -0.265849796342009     -1.026160237982940
H      -1.973182474226789     -2.948004734514834      1.285017490434849
H       2.396319523089552     -2.378358731806502      1.031762695612530
H       1.608998449873826     -2.574388538044976     -0.394177629613581
H       2.885113949166986      1.330859407753346      0.365744483072066
",-19641.70046107633,-0.0826273470884189
1618606986.352152,"14

C       0.962851700200097     -0.084621099789651     -0.067226519531546
C       0.714330311788278     -1.283130212303929      0.867467405515574
H       1.086710573400597     -1.019972656406978      1.868137109060567
C      -0.802834110575347     -1.433174074271669      1.015104610904191
O      -1.556809274941694     -0.492122287759206      0.963009042661251
O      -1.239110005690683     -2.709733798015492      1.112820100795040
N       1.340609185460867     -2.528417775220246      0.482025731374352
S       2.722156937869684      0.208776590771909     -0.425120910705168
H       0.577989752834743      0.821460567085479      0.404562772055473
H       0.420213006832577     -0.211589862951971     -1.008221389911895
H      -2.063543377128427     -2.772790030496623      0.606911852383014
H       2.315376525664740     -2.529165007968456      0.754263662172822
H       1.272303986846611     -2.694014599094869     -0.516717270168257
H       2.801231153805134     -0.577603032699436     -1.508547787330348
",-19641.528305902248,0.08952782699270756
1618607011.263417,"14

C       0.981594867770697     -0.069250858615798     -0.092558632586736
C       0.773505852923196     -1.195738661436984      0.931019116128839
H       1.114491988209858     -2.136083084114841      0.471823074813029
C       1.645774764524511     -1.094541168424994      2.179827365973022
O       2.696073534452442     -0.504741040757055      2.267435398508921
O       1.185416385693222     -1.877265553486062      3.175132700879935
N      -0.621805585363644     -1.384811977863473      1.289894678360176
S       2.713363692055330      0.291051075636084     -0.544948495164431
H       0.530995420405249      0.845027817115258      0.311994652681312
H       0.425547373753829     -0.341530194262827     -0.995572213424470
H       1.948116481202853     -2.041120580189492      3.752903246878243
H      -1.134182305241950     -1.806782336200242      0.524903960046518
H      -1.066317768434681     -0.505846593448720      1.535262141550122
H       2.384486995392866      1.285054370876788     -1.386387348965142
",-19641.45685301017,0.16098071906890254
1618607037.351008,"14

C       0.933979161361926     -0.019217291869684     -0.118196485201425
C       0.786775877660508     -1.092669265905387      0.976819169742130
H       0.619955128850747     -0.568926327962284      1.928367716311995
C      -0.480116541952804     -1.930754079580631      0.738903601057767
O      -1.133093431300299     -1.920088962873503     -0.270735133231459
O      -0.712184340572097     -2.842568331164184      1.700280615684745
N       1.857905019060716     -2.037323293426296      1.221651060495740
S       2.679240830617631      0.276906592355227     -0.566317899343831
H       0.474180361587444      0.907007507407639      0.232092495931174
H       0.391133448978307     -0.342211238576241     -1.007536974580931
H      -0.013416703556025     -2.772615677964436      2.370325474348946
H       2.680421021177638     -1.574437376346860      1.592429313538146
H       2.129541761353347     -2.510532849326654      0.364469573022188
H       2.575820572638633      1.597924643290182     -0.768926288355400
",-19641.607489902566,0.010343826674215961
1618607064.499858,"14

C       0.949344336561480     -0.018551504853178     -0.098547255170552
C       0.885352491418706     -1.119270863341394      0.965065285852321
H      -0.110942411669670     -1.573632467805365      0.908297806361615
C       1.868981761882996     -2.285148482686831      0.756723434034611
O       2.326935167382638     -2.606333924567450     -0.308295599897791
O       2.052704246136630     -3.004918632579321      1.869585400783185
N       1.068733553943450     -0.650007008867318      2.349006294068289
S       2.649959746774460      0.414186062107662     -0.606818849744778
H       0.432805545121108      0.869435131119971      0.279476685487285
H       0.418289013513381     -0.373356388919912     -0.985519256627672
H       1.789923648938987     -2.418980486657128      2.612170737982167
H       0.313484552728785     -0.025622330885039      2.618901950016359
H       1.916065126709499     -0.081629230034856      2.387775392901274
H       2.274365418004718      1.212429466813827     -1.617414866242340
",-19641.694815763633,-0.07698203439213103
1618607090.536293,"14

C       0.927018490190046     -0.021209876036332     -0.064118893972466
C       0.883918397591107     -1.184833126938645      0.942936840225382
H       1.696241568649075     -1.885345530561579      0.712678447810006
C       1.164258294512221     -0.658872082430034      2.348461584862882
O       1.757941394326340      0.364182282814566      2.592714298724001
O       0.660273403268317     -1.447884443249361      3.312406578320998
N      -0.354090970299844     -1.953620962868427      0.934200239617117
S       2.639862979962796      0.383824184509940     -0.542009727419150
H       0.448191744756341      0.859019332098903      0.374528170677212
H       0.368515483908895     -0.308485527225428     -0.960445466249962
H       0.721709990308169     -0.932058945456319      4.132751232229210
H      -0.471405701728517     -2.401460936815966      0.031632588287083
H      -1.157545250508187     -1.349165143514807      1.085919592436867
H       2.311478791793923      1.217917531611367     -1.540125856008438
",-19641.585417936232,0.032415793008112814
1618607114.483496,"14

C       0.939831647284145     -0.023612952890769     -0.076903356414924
C       0.879180015314100     -1.166564796282009      0.938232023222766
H      -0.178602435468042     -1.278996984699996      1.222893240379096
C       1.248269924279107     -2.499152481091866      0.261658005290793
O       1.149801619959222     -2.684191910498293     -0.925245741032097
O       1.810379611776544     -3.386438521035882      1.086542267379025
N       1.643991436389805     -1.025872374919190      2.167198479922302
S       2.639862590338081      0.380510956022191     -0.594154111946185
H       0.518311949396003      0.884585014429366      0.363171418197827
H       0.347814009005306     -0.286818150021628     -0.953230108210413
H       1.718218299449353     -3.013842272182901      1.987804153897882
H       1.211410004802679     -0.363582914898438      2.801209034356220
H       2.579313848122941     -0.687883438926594      1.949393193881417
H       2.615165629646036     -0.285321618826700     -1.756672560059057
",-19641.96464528849,-0.3468115592513641
1618607141.147077,"14

C       0.933463133664724     -0.024854633887689     -0.066827497552104
C       0.954766140554667     -1.199932091315753      0.912858902344169
H      -0.071684502798077     -1.365683844328485      1.264185960958938
C       1.318267476175902     -2.511108529091651      0.217510580149171
O       1.166507653511655     -2.697790639105959     -0.960672623863577
O       1.542218308108655     -3.525496572479092      1.082452560779794
N       1.801648873862650     -1.033769282720511      2.097160868832788
S       2.579723930104279      0.517653859846683     -0.614911187421784
H       0.489658524956039      0.848555734229604      0.420866152899817
H       0.322731835784830     -0.277176706903658     -0.935469420217064
H       2.170787269794379     -3.206927868616836      1.752659272132808
H       1.512904059873249     -0.197671154778760      2.600883771558570
H       2.742497472731000     -0.802449893993731      1.769045002972174
H       2.876461077297376     -0.593755999976901     -1.306607073092868
",-19641.686177999316,-0.06834427007561317
1618607170.897539,"14

C       0.947017060426242     -0.008488847335354     -0.090127391272818
C       1.020601365547174     -1.136999652522535      0.959929692664944
H       1.417123162113210     -0.733284672161286      1.899889675827217
C      -0.417753089474254     -1.637747682500567      1.150506102260073
O      -0.962593903269825     -2.325832099288265      0.330471870948763
O      -1.083853074574373     -1.215889586644916      2.246579433940114
N       1.820115265053989     -2.281667849315632      0.580756777755058
S       2.568957755426598      0.590760465577449     -0.648098288576762
H       0.434375393375858      0.854855061549146      0.344952099403104
H       0.360881716101153     -0.340490147602540     -0.953211721220317
H      -0.512087560428733     -0.667984509381453      2.801295634100351
H       2.811080887042775     -2.110763700285068      0.696646034887777
H       1.612307026346106     -2.586696036158670     -0.363412558553002
H       2.853187235755561     -0.442875886193043     -1.455345450468264
",-19641.5432314643,0.07460226494004019
1618607203.270447,"14

C       0.927024376276594      0.000681933659272     -0.106379552890868
C       0.947770107200214     -1.091926689982131      0.957878011240514
H       1.723934293704193     -0.811872491045081      1.689222721808608
C      -0.347740132767878     -1.083354896385420      1.786249684863282
O      -1.124417537874663     -0.164892258386002      1.805467191157369
O      -0.619145663673464     -2.256595367192549      2.375965804229705
N       1.246802887911237     -2.453500680810343      0.536037183476808
S       2.574832695737992      0.477925833918513     -0.731685554300902
H       0.458355589011677      0.883753436168966      0.329532998389169
H       0.309664863920964     -0.311722428956074     -0.955698133431483
H       0.190402096717678     -2.797885177059034      2.325670339758323
H       2.169981938967475     -2.515566997906311      0.116734434750639
H       0.583509958411068     -2.746543345257047     -0.178551062893505
H       3.302511527436229     -0.377663179476062      0.002867531404834
",-19641.71609704153,-0.09826331229123753
1618607235.932137,"14

C       0.938856406555005     -0.005836240867654     -0.129271100412706
C       0.992140699923500     -1.066579139747296      0.978745871347821
H       1.327197624291378     -1.998146045692410      0.493645631032442
C       2.066639498746265     -0.839959428856818      2.067390843623719
O       3.044205061519540     -0.145947142707011      1.955237510651318
O       1.743090621605414     -1.407028241231508      3.236164964359212
N      -0.288391005623949     -1.363301912805000      1.603638454317713
S       2.529512400286181      0.533712862082718     -0.827863280332739
H       0.448789559479841      0.891319901339659      0.269670741123876
H       0.299534216523187     -0.378005489294068     -0.934099122670335
H       0.936607556905827     -1.936933810378832      3.077632800604086
H      -0.838026762550236     -2.022726362192428      1.066836662363124
H      -0.834643549486702     -0.525998724795074      1.774245590627847
H       2.387896590421791     -0.073160232299863     -2.016906762400555
",-19641.61550302302,0.0023307062219828367
1618607271.381874,"14

C       0.863871476273393      0.020997951904862     -0.124586443784224
C       0.939435457393090     -1.067161441787328      0.955521675414492
H      -0.070158624044274     -1.199494205098369      1.357638329858636
C       1.341232345870549     -2.450436979605860      0.462599417615953
O       0.902607742989310     -3.463502939585603      0.934643909862501
O       2.367504163690583     -2.449631418146594     -0.447842672012361
N       1.823827712225983     -0.762214478354595      2.080704001800326
S       2.498764336845153      0.517127594182867     -0.766597453480338
H       0.368548649302572      0.895274353173685      0.310648443233830
H       0.247327206446778     -0.344793749910302     -0.951156835124772
H       3.146753136601099     -2.833366913014547     -0.021515026471745
H       1.669204028301402      0.197970577786409      2.380496852003095
H       2.789707288176787     -0.781718216866923      1.760387767476735
H       2.034844187849623      1.343548327199289     -1.715296517190189
",-19641.130997330114,0.48683639912633225
1618607306.380775,"14

C       0.827867099305417      0.030314937336610     -0.106561432430536
C       0.998995004169115     -0.992029026354664      1.028198101100511
H       1.199336610935300     -0.432821585325756      1.954108655928390
C      -0.354359375589255     -1.706564872363728      1.248107449547819
O      -1.378519479385116     -1.381233789390945      0.706164658310238
O      -0.268706260052389     -2.865921727130176      1.922382777210135
N       2.039694644640194     -1.990423386886617      0.909990911600156
S       2.446418376512179      0.483220759166013     -0.817459351578397
H       0.320107206644405      0.912362681764470      0.288393527403363
H       0.201105149966821     -0.400460036736621     -0.888982562941114
H       0.580561303227221     -2.889478412221960      2.392320384026707
H       2.915087950070570     -1.689405577140674      1.318193856891986
H       2.192662483705921     -2.277520082846106     -0.050032846095803
H       1.967885569318358      1.273896190747130     -1.788913960724900
",-19641.64315664149,-0.02532291224997607
1618607335.757092,"14

C       0.850975904450978      0.039629221164267     -0.074876504018766
C       1.072140063301536     -1.023722673116456      1.000049015395837
H       0.092896503369063     -1.214265711890517      1.464641199364485
C       1.468704013522561     -2.375404130045878      0.388960010656570
O       1.300559559702467     -2.662971369293373     -0.767051648733337
O       1.997662619484930     -3.218760136401902      1.282725444129879
N       2.005480308726574     -0.712004487625503      2.079830871024070
S       2.394323028849181      0.601059945526924     -0.867679974118372
H       0.321110637925079      0.902317586368150      0.336169027756461
H       0.236650195684167     -0.393299100965025     -0.866031057621794
H       2.175363097151641     -2.682113837493506      2.084554798912834
H       1.700002361456398      0.109990445026494      2.593657235911607
H       2.897710103764346     -0.451408074600462      1.657301637675550
H       2.524787858263758      1.751433536641633     -0.190923385885273
",-19641.90604128625,-0.28820755700871814
1618607344.474888,"14

C       0.845157010186250      0.027339232479455     -0.088802695583365
C       1.032740329767424     -1.019550075045952      1.010889009658791
H       0.035733301831836     -1.209444184486890      1.438083600394407
C       1.460175832233902     -2.365051689982177      0.397183435145063
O       1.239485287993292     -2.665418036832117     -0.749006117912537
O       2.211402620152557     -3.114483087199640      1.208158021932428
N       1.920522956977781     -0.693852696655072      2.115771439964794
S       2.416034131813326      0.548117826744804     -0.851935529554694
H       0.383554830600052      0.925817633698800      0.330564024517568
H       0.183668808662952     -0.371093265761176     -0.857816899086907
H       2.189049658248559     -2.672794171244806      2.082235226743757
H       1.498072526626801     -0.022839804644046      2.747436384139740
H       2.780200834802699     -0.286487080047310      1.753119075667066
H       2.323610309383368     -0.219249874800000     -1.946484798560112
",-19641.964646910415,-0.34681318117509363
1618607351.380561,"14

C       0.824239763711752      0.065237540456283     -0.077561526198017
C       1.004479931315207     -1.019594851054340      0.986548635173234
H       0.015859854820560     -1.238474679968979      1.411991281031738
C       1.465621331685139     -2.339490056284330      0.340543118495759
O       1.137627338918065     -2.671242220281927     -0.772102378700980
O       2.235513706270821     -3.082055257484838      1.132570856403217
N       1.904449721822418     -0.697460720255575      2.090338027404273
S       2.371805005343246      0.537943746820915     -0.907132426925248
H       0.442405751422374      0.978405960857534      0.387749134325812
H       0.101490477765276     -0.267867312612652     -0.824065216338090
H       2.387527966921814     -2.528971676854868      1.933785153409884
H       1.445226728221417     -0.129022159703092      2.793063445143193
H       2.699353079718121     -0.167404866596056      1.736292167616996
H       2.483808113752553     -0.578992747556116     -1.642625893932263
",-19642.081855320383,-0.4640215911422274
